client_id,score
6557,0.0008510204925830824
2427,0.028495493648039615
2553,0.049142046184609635
2184,0.6633180608377386
668,0.0016204717765441771
697,0.001625961299686284
7000,0.0079705640730087
3998,0.002970000409409444
6818,0.024365744507313263
1175,0.0027132421026160734
6605,0.0014245110292046875
2047,0.0013404649299983684
156,0.0026622283238825965
5393,0.0016756100380046826
7072,0.020450980200916912
1604,0.0034820280358564084
6857,0.059282536464069495
6771,0.05227982534889763
2291,0.09917514996095769
45,0.020971667789758508
4767,0.014395512074634277
2775,0.0004901765504998573
2476,0.5746658013528786
5825,0.0452065166000754
43,0.008681892871629696
4060,0.004499671119388871
385,0.020121028289487322
2400,0.11223813376317641
5294,0.0001780492674936093
5035,0.029409202508261182
4570,0.006257602206853055
2546,0.008036904240884114
5514,0.0014042232695645682
3613,0.0006850854105424606
37,0.08246058427047492
653,0.0034078806387977684
3640,0.12327176477067336
42,0.0017593608789325385
1508,0.0017192903535937006
3635,0.0015037908337451782
6718,0.008584121819738074
4761,0.050406209375966834
615,0.011405621905533047
545,0.0005697408978759387
5455,0.0011219147842237724
2236,0.0018876911749873128
4095,0.014374505929546566
1892,0.0015866552062483064
744,0.003778620249213864
615,0.013706998330879414
3733,0.010817633031195945
5174,0.0028880513997203354
2802,0.0023980173303375352
1608,0.0020422552905456745
1217,0.005755273454336358
826,0.001382357412151283
6216,0.007935991077149126
205,0.0062504464181803885
3683,0.0009243368796164802
1235,0.003283415597900507
6204,0.0979611820325468
557,0.001122323838132995
4187,0.009050581297105745
4784,0.09287700468460226
2031,0.001762094530005431
6185,0.001016825796196108
2444,9.897157379861532e-05
601,0.0027342491499283963
5194,0.015303041137355942
1208,0.0008805536059209806
3570,0.002505550159497869
991,0.012136417293916195
2974,0.007309475001926186
2048,0.0033167598481450918
1744,0.007783557806682083
1135,0.0157484352668246
1804,0.004825359838402586
2304,0.12131115327438384
453,0.0012521980595958362
4587,0.10284635880882294
679,0.009163086858582917
3151,0.01659002358406646
246,0.036108238942080303
729,0.006811795399572324
5641,0.018219718763164198
2822,0.026785355871595234
1673,0.007613763575162984
2538,0.02984380266669991
494,0.00024578919708098706
898,0.006483595172770167
4037,0.2677638442948267
1871,0.0029205393532464765
1283,0.004359939975707326
3955,0.00869758320325066
51,0.20078730193139754
3365,0.001400476320744245
1416,0.015331153694791688
2120,0.054224017191702556
2861,0.024953358280647236
2592,0.008906618284614016
143,0.0007877694972341077
848,0.0020878413311234143
613,0.013796193879270063
2422,0.8394390463902316
2014,0.007559770442514383
274,0.009653861302358678
5325,0.0027003268172849267
1009,0.00039361578059413956
4201,0.0051384850727905634
3624,0.026350213871411256
1359,0.24400860972316618
1990,0.020855721996262115
1199,0.0006629436550981702
4322,0.000544476585770282
226,0.0016666195329880491
4645,0.003136721769194454
1933,0.0029699003574593704
443,0.019104446201139633
632,0.0023711456662985813
3086,0.03239269163144165
4233,0.0009070091607911144
1,0.007704299153784388
6495,0.018891081436266804
3826,0.005130629863950161
1134,0.01991597062018481
1631,0.2930251154000649
785,0.013902011818025367
3657,0.003103017487494976
822,0.004268737232333979
2967,0.10262549341597492
5712,0.0016497631110318925
939,0.0046539765041068454
84,0.020656065065767445
5333,0.07081239409228647
1863,0.0036501553517741554
5497,0.007817416034476698
2600,0.001412821322662219
5448,0.0020444424331151753
4253,0.001451227051875532
6168,0.007484909663283481
703,0.0020537147366217305
1755,0.01542087591456875
772,0.001517885329762678
2756,0.000577081187462361
5139,0.0009939253670979411
883,0.016112375316023764
2082,0.013278218763557148
5130,0.002869673086393269
2879,0.0027261548831232687
2899,0.0005472130411042527
1965,0.002331194187227509
2518,0.00015895729690340314
2479,0.01250038970665327
1612,0.037379427113102943
1978,0.0035031400448783047
2788,0.0019401492394444779
140,0.009030378799140502
3108,0.030245446432380283
5166,0.0009291668734218054
729,0.006682240882689548
2235,0.021287462084562545
6775,0.012299797733481702
2397,0.007905771175769636
1994,0.0024517639673655857
2077,0.0007459904543945197
3038,0.006063256953638624
1322,0.002216344557587793
4327,0.007740856916409666
4600,0.0028412136978523115
2185,0.0025985117735115686
3978,0.0034147301897091585
4172,0.0018844879881927748
3993,0.0032976815793847136
2882,0.006856601939699439
2362,0.003991702831216373
3814,0.001847426517085367
2037,0.17299374869191989
2889,0.0008423183540643161
1568,0.0006147379621854282
6039,0.0011586731790590322
625,0.00676917374971354
2389,0.0011315813306958615
2411,0.0013699424296377063
2083,0.0037077496144213703
3743,0.41070473139754315
4673,0.009486679326483652
926,0.004155504896554211
1912,0.021737459610313054
4851,0.015271547707244527
5021,0.010365900069525215
5715,0.0051879131015385325
2651,0.00053078183116271
1814,0.023531822286454552
1769,0.0036121000133031524
6503,0.001838493209527753
428,0.03122265059018066
591,0.0005336002017495937
823,0.00030222304208410704
4197,0.00028043864071887665
982,0.0048365398734694885
21,0.0028964370663415438
1789,0.0017684742250361843
4146,0.0045137903861446295
3140,0.0011886188526443267
3600,0.008245840849258067
173,0.01039463307707355
1271,0.006427419267472328
1860,0.005393180915522773
5157,0.0360738808120756
4837,0.04331824029136496
3189,0.013467871260900585
4757,0.02647228365244778
2368,0.007027605061976781
2388,0.004077709894901604
7199,0.010239657300789755
1530,0.0015524034531874844
4111,0.372745271449959
1325,0.0028134000798671036
2176,0.001547388568485493
775,0.03280749633335805
3385,0.00297980420098824
4573,0.008174893517659335
4536,0.0009236707460034743
1389,0.009826277649508554
4616,0.01677949204953527
806,0.00646553676708866
1434,0.002833560832185781
4465,0.004995640045571084
1911,0.012566793452185683
1782,0.001302843342017966
5641,0.0175536513852885
1695,0.003609050609383709
1597,0.054480479535046734
666,0.03125258953458383
2420,0.00795201171423586
2123,0.004916089865902127
2483,0.0027266682819985745
6098,0.007422560236454075
4145,0.44146100034826924
1542,0.0011979698950337087
4073,0.01003411560198813
5282,0.0007036213756144769
4666,0.013608360581773614
2627,0.004332691565633912
3742,0.07580219481698237
1431,0.030739081347741427
6070,0.0024372048809265306
2287,0.0014970924196500601
491,0.005276383149933705
285,0.0010170884492422113
264,0.024609470536670598
3927,0.019006896852733175
4290,0.003967820099436737
8074,0.0019073214907114526
988,0.0025264084696445237
4946,0.0030686206262698665
502,0.0014679908234382095
2589,0.013844602918836216
2453,0.010900073864741268
3661,0.0021347436345697268
1210,0.0002411849910562905
3221,0.0007195946200009568
4111,0.0866835846603388
8150,0.004023840557634072
2923,0.0006374290030185238
4698,0.036411003687892164
6198,0.0018821257216654315
595,0.047397616056837316
621,0.050569608129019734
3515,0.04113492013038613
3110,0.016298211856426287
514,0.002949086480166324
434,0.02455583020954986
3004,0.021570351584555947
3270,0.002075895157857644
2652,0.023892273564971842
1730,0.017134169926222596
1491,0.002741724613790856
1,0.009737475910903457
1944,0.0038700704648243944
303,0.5553820364198829
2675,0.00047570551949173754
369,0.0033929664085049593
5725,0.0042228603953107825
339,0.006088006243355461
1828,0.0019369448937474117
123,0.01635122209090558
550,0.00046500219576300797
309,0.000603552330726806
6682,0.004953142459321628
1695,0.002670265843157226
1681,0.00030343270196804675
892,0.001827213709770348
1583,0.006391309891042194
1284,0.004449024503203567
1879,0.022044260803503236
2151,0.0012449194326849618
4152,0.0010276561783001677
7650,0.0006383055564210643
5291,0.0007401931123721417
3386,0.027300893360196324
4296,0.021111582125599736
5830,0.01353027359721065
6114,0.001442707847759913
4821,0.0017978859065387969
660,0.005289774716185232
370,0.02805415160299101
4784,0.004343672122157634
5336,0.03656662869252368
1163,0.0035521810222331343
3185,0.0023651530175442625
4062,0.035625337122514616
1005,0.0033746524508778872
517,0.010089809325407893
1364,0.0033953490013634608
5471,0.022437048455946733
4896,0.038491206940878646
1502,0.002475130126701878
7388,0.007046653459945826
3901,0.001257884526913664
6075,0.021168702162076006
3796,0.004813882357543644
3050,0.02057214920330378
2288,0.05072030518174229
2719,0.012443492875181894
346,0.0455450596161885
5715,0.009630964314706218
233,0.003313390471272997
5142,0.002651871334797344
979,0.007477543901979668
5786,0.0023265389463691193
4743,0.0011302635658176961
1742,0.040411671661713666
3152,0.0035061301644629494
1010,0.0010581737549266459
2021,0.019826375042170854
7912,0.008200519325899894
245,0.04463459095869532
3633,0.012102056946963285
4471,0.0021674618811552008
6158,0.005888681196880035
803,0.013881772271794183
2960,0.0018955012106813033
5197,0.004223569374622267
3257,0.012270938663053125
1519,0.0020642716612525136
4347,0.043821812670512515
7288,0.002400191033807153
1491,0.0015307177578321124
461,0.004869749500242629
4638,0.0020346602951459994
1016,0.005370277433845886
2181,0.0016877816050879341
2774,0.011654423488328876
2900,0.06199225621768439
3786,0.003391147118496236
5411,0.014883291952773893
3031,0.0038870981434692997
66,0.006612506249446811
2613,0.0012411294445049533
1717,0.0005467833315701389
1350,0.0020621446375451075
613,0.011346189980508776
1508,0.003122760116422888
1115,0.021022774420752236
1994,0.0031744994903161253
766,0.001412821322662219
152,0.0019894547650225933
4246,0.29867485354230344
4060,0.0022846629196168946
6002,0.0035014965904555983
6630,0.013238556217235478
4521,0.0008260662970788728
3200,0.006995611208077475
2855,0.0029763153054502053
1565,0.0011180607495894675
2256,0.0009694106580696476
2744,0.004139000741002739
2117,0.005274015859946843
732,0.01145629080958437
974,0.7791289593212339
6075,0.008385822791581518
1076,0.0028267542412485046
1260,0.0033406040003419388
4624,0.027111983509390484
4153,0.01600124891307275
2862,0.00793548815703517
5538,0.000349233055012423
732,0.0006670284242373552
1335,0.0014424905041140175
5037,0.02096819044920975
3924,0.027268954311481877
4279,0.0016024064187630347
5020,0.015090331903264878
4026,0.0034724983837543886
894,0.030501161639959876
1741,0.002088053177541484
737,0.0036800926418537384
2631,0.008016804557824239
3457,0.015179726316376823
5482,0.0085150330273142
5574,0.0056549359686103706
7142,0.0044389425935081606
5185,0.0012165344278798511
2929,0.0025065114712580568
2365,0.0012214150799790503
2159,0.0761663020083363
4709,0.0008467561903337034
6798,0.01361489549371383
6243,0.0069778117998899455
3210,0.009503614462225371
5995,0.007286228895436844
1240,0.03659524034297108
3370,0.02039844705226531
337,0.0028046432294757686
3553,0.0026997156698622634
4644,0.00448800843638275
1429,0.0015403887774787786
2729,0.003700959958436749
6101,0.0018919390604516771
3381,0.004896748033837519
3915,0.041804220862115285
1034,0.02925389277400934
2734,0.012123798783303705
1295,0.012080120043655355
3726,0.002113553990649576
1154,0.0024522933427771733
4200,0.002342826232892837
3128,0.021054206854541534
4232,0.013849779784485311
5238,0.048209793401967925
5193,0.00037962248309017965
6082,0.013040585881802605
402,0.0011589268686818784
1595,0.004232686492965404
1388,0.011215234135070652
944,0.005469992541142889
3420,0.0068206396888281316
4837,0.011098620785511595
2281,0.0037711634721444643
764,0.0010607366175023115
3486,0.006270854443454436
163,0.024161588976335416
3862,0.011992172024565336
6646,0.002219852390290927
1788,0.017833768262150777
265,0.0022429167550124776
1009,0.0007938793684393516
3341,0.003984436785461007
2399,0.0037247630361407556
1828,0.0007301003053284232
5582,0.001837402645751609
2794,0.0014886938673914015
4784,0.05191769694461221
323,0.002457258187517761
5117,0.010175310261041886
3877,0.0137249040208638
3289,0.000863992187776666
2101,0.02168043551740151
2478,0.0005561996315620409
3517,0.003861176773289748
4362,0.0452676194088761
6288,0.018406488423547935
427,0.05789451289945798
1381,0.020689444838543843
3621,0.012931237707362547
2287,0.0014970924196500601
663,0.006375715939392639
972,0.0018780882387855694
5040,0.005715153352508032
5622,0.0005238674134076965
1162,0.0008195082469374853
154,0.18897658766314046
5110,0.0036479928250134673
5601,0.0001853092528223878
1310,0.02733794762260559
3265,0.0006189927325171786
1074,0.0009628241738451762
1885,0.0010461890147115363
4237,0.00045253662960897646
6507,0.028895373631697932
3302,0.012139621813806727
2763,0.0001178038254449054
1102,0.005962346487151831
1125,0.0024765994012549905
486,0.04186245314243007
4338,0.0012904560084328136
5589,0.0025225836837512966
4386,0.005307669817433488
3369,0.0036232428257865425
395,0.014031283964446695
5622,0.0016174376687663843
171,0.013510922755766387
894,0.02347949822420131
56,0.003068712192826129
1585,0.0022830237014061774
933,0.028664443587089923
690,0.008623716242878903
5471,0.025436286276802746
6568,0.06949851992258173
6822,0.021356577644948905
3489,0.0015915623256518674
1412,0.00041248196130049404
554,0.007472122164989579
183,0.09996682945103831
4995,0.12427922166966765
6657,0.0011469080800536758
3463,0.012711017827797632
2865,0.005864418951929017
7090,0.0027351969120205898
5867,0.015376768024234145
2895,0.0034265090986400374
3492,0.012096563368246667
1500,0.0007428478599564691
40,0.0007416793126114374
822,0.003378961454173663
5633,0.0026043621203583073
6922,0.002394085202204938
2773,0.0010805210961016578
2723,0.0015868793579198693
3167,0.37865576901457304
636,0.001937056041010045
2529,0.8301386221677193
3675,0.0028011622685802195
2954,0.0034790317869980063
4541,0.019955955355346514
6318,0.00907062063327872
5908,0.0038277094733474297
1559,0.012428541691861987
1482,0.013170934687578486
976,0.0015709348959816497
2413,0.0033799115146695893
1310,0.02015445536132209
4957,0.0013240070695363399
1297,0.019192922895713223
2126,0.0011213990959465044
2781,0.010051572313164862
866,0.003202508717838938
1438,0.021281391738848656
5175,0.06932452073833612
5457,0.015603059778289264
1154,0.0030705628524984128
4712,0.0013225883306134617
3357,0.007462193105480452
5378,0.000567473643333479
3755,0.040085256347223625
1229,0.05759891220856108
1301,0.004163360166929384
7564,0.011209484721866118
3471,0.006316917257829023
4887,0.0006391346775267472
5130,0.002138009046602873
4988,0.1011976416811909
2007,0.01126014819518711
7129,0.017443358959448662
4693,0.0052876198331148925
2207,0.0025812252747006033
570,0.019523875716848476
4237,0.0009875746610307917
1252,0.016287105958333124
246,0.014926080449372424
2660,0.0004969322343755436
1958,0.00430148698397201
1234,0.0013471081827600262
2644,0.006356172394357002
7017,0.004137009613220502
3785,0.0030328291512971436
479,0.01563135565547789
4436,0.0005054471186594243
2737,0.0007634006219917888
815,0.0003934864830343516
1158,0.0018816219157612075
8028,0.005231324954743005
3151,0.027162087880371874
7246,0.008548579504401037
3922,0.019518980703937015
4263,0.0015754225535413
6135,0.008238874538687643
663,0.020855972610255083
6520,0.013793431008202227
5165,0.008299352652205199
4837,0.0847797666284095
377,0.043616256875771975
1630,0.004945249022007716
3615,0.03242353636577689
1602,0.005999825115060344
310,0.005807791414566132
1052,0.007177195458465923
1669,0.1557495757815411
1666,0.011692708226931917
6904,0.002202056113049374
485,0.007842095626783611
1842,0.058738601321548685
3083,0.06487622719637501
2087,0.040025397830200454
1046,0.014240436840313503
513,0.002733318777475411
3053,0.0018109258065838118
6031,0.12537949597774747
4760,0.01776474382424019
1979,0.00925834260346251
4077,0.001038329539758941
2481,0.002887011758192586
1136,0.05275569091094444
1641,0.0022795231412917564
886,0.0013907138597347437
650,0.0011868967348909148
7155,0.010708086587418958
3955,0.0052113485588447545
1069,0.004618729191709686
2164,0.004352676859369749
4523,0.10399142597314254
966,0.01722681094050406
137,0.001939370939180011
2872,0.05881201903822385
5143,0.018199499419803755
5630,0.014400179059777543
5486,0.01017016941664461
1274,0.04967326185528973
2572,0.4157040224437008
4974,0.029138164740114457
1085,0.0011462206070271738
6913,0.001082612831049133
2572,0.3036867615712836
1424,0.13872220485781558
183,0.0330224886265298
6421,0.00729981111910688
2520,0.018021525149505915
4343,0.0035585382739460273
2737,0.002150372055016604
7238,0.002181771844144167
720,0.011078146090671011
3358,0.002179247167691163
5984,0.003194210409755695
804,0.0006828555731604429
4314,0.3840312642571618
2666,0.28266757611574056
4918,0.017339700066060275
1003,0.0036873528629204895
1523,0.007650294706978647
1381,0.020689444838543843
3014,0.19310556614466112
4348,0.003033558316901565
5168,0.0011031303065875226
1049,0.7699464983132719
1665,0.004891039835974199
5174,0.003186081469158233
2654,0.045477206477763786
4116,0.060691342344987353
1388,0.03788861109074533
625,0.003471741573961696
1742,0.0758603011404646
4916,0.000750038865219375
4709,0.0010603129157242225
3189,0.01237211180876215
1941,0.0011025192175650516
5487,0.0037281508703224282
3131,0.0017462461594974865
1613,0.04106573760984055
1457,0.0013266070025727606
4258,0.0014722842190435465
2262,0.006912190419672678
1405,0.017404591391154862
568,0.04742255487382746
4145,0.40453029319439143
5156,0.018516143580230907
1544,0.00488943011520581
4025,0.004469286038734765
4042,0.05856216593431866
1816,0.006168088611628836
3152,0.010453164240246187
1956,0.0020226022620630393
3345,0.007132658108235328
1914,0.0016174037983331052
2730,0.000106284943404685
1399,0.012085529917683732
1502,0.0008655250665827709
886,0.0027580106213394616
3938,0.0010183306636623
283,0.013077972065875477
4891,0.0037226276773775976
2098,0.004762505245159461
6075,0.008385822791581518
5605,0.03996775512238695
1862,0.007792427795356552
1745,0.00267169114492775
6788,0.013010500126503791
423,0.00860850068391297
505,0.0030433266893930334
4628,0.02901284396302763
2185,0.0036210446551595966
429,0.017326768351402896
3461,0.00042717259399823734
5600,0.029193488514717845
2745,0.005324282596457545
1327,0.00280728909966881
3568,0.00043853597409421863
4875,0.17609660292370355
5295,0.012914121356940495
5792,0.008019685444661254
5089,0.004802705370773833
5107,0.026031907130475276
294,0.005940345645357278
5934,0.005589123207836448
3045,0.08246620059803596
64,0.0002478990524445925
2289,0.0020435702219800756
5047,0.010094000704507581
345,0.00228358450819645
5624,0.0068277340517811005
4684,0.010096555963467157
3958,0.009950809268585582
1826,0.005550387586971849
368,0.01186369479367389
3272,0.003574210200376115
2780,0.019330439028729253
4871,0.0018340578981046218
858,0.004644661340214718
5203,0.0004316307550373686
3258,0.009759746476083547
6649,0.007501554672200829
1457,0.0016581585577893332
401,0.003858148039953339
4029,0.006290718662438235
1981,0.07976043376127934
5648,0.005753918702552383
1169,0.001979347301774965
2487,0.0012768058761024972
353,0.04424832145579644
1270,0.001708486886522481
3154,0.003204089649032398
1230,0.0035286482710521227
2390,0.010324131668741762
4016,0.01151308703556909
6136,0.006247548877011833
5208,0.015753951027984988
2166,0.004883898120700878
1021,0.00840873754454336
796,0.2590516039671153
3314,0.018176651754617867
6265,0.02330069067875023
6224,0.00031209331566029033
2716,0.00817539278256683
4371,0.018351542743629806
6090,0.00425122316168067
787,0.03438075319806214
4811,0.0005631143338997794
5605,0.006764975346991515
679,0.008323317243245176
3869,0.008199349203174701
4488,0.006275207733060728
2938,0.031590755108860585
540,0.000304147551408333
607,0.06609166236706537
1447,0.021898198248268285
115,0.0029457672919106395
7586,0.002313299886684257
5943,0.016737793620116827
1729,0.008944537524542488
2722,0.043230766990072535
866,0.0020079805670066638
816,0.0014506963905509406
980,0.004403902097399034
1695,0.0020789229238357084
5813,0.006426600907440196
3745,0.004200011564795403
1086,0.05944089009881852
42,0.0017593608789325385
4861,0.004939058023734774
3102,0.006377261937432972
933,0.0032775123956586935
751,0.004224545736824301
2908,0.6898866771353517
263,0.003892039592099944
6659,0.0019633441946870674
3356,0.1718734344813807
7049,0.007370052812315587
4534,0.000622832784912482
1560,0.18174191941332327
967,0.024921692201859896
694,0.008020059404139116
5436,0.01035203750711435
946,0.05394281242512864
3042,0.000772048614859134
5905,0.026361361859215487
4820,0.003701200808782388
1903,0.004816974664208523
7309,0.0021678834918538842
193,0.0003026802556882689
662,0.00039068872035917594
6,0.013606728603703617
6412,0.005636424231359274
5746,0.004823736940937399
2751,0.050824390567866945
1164,0.3995014431491309
3597,0.13204993572240611
804,0.000306259283785847
1816,0.005090755625613653
3892,0.011939397632908397
4045,0.0063929314062975955
758,0.0007906036708481848
3160,0.03406787966928533
2177,0.0013805046037553865
2345,0.00749293040437317
5149,0.006733181736106707
1098,0.0013954099798848128
4549,0.022463855079008457
3034,0.01672987336507807
673,0.001516059413281866
1766,0.0016815032062704647
7570,0.0678602839411254
2267,0.02201730448940716
1430,0.0025719934688516817
133,0.0008049666864576177
6173,0.035283426585389986
3462,0.0018311956885605032
3161,0.0009531041118631787
3131,0.0007777313057395096
2281,0.0034495364259792237
216,0.022175106566741508
1072,0.0040754631126980806
408,0.0066054859389668655
7665,0.009172968185170894
3014,0.47923667736319053
2601,0.0300898762918604
4467,0.0016985398320796877
526,0.003341936397379672
1533,0.002017149859292273
2976,0.0004860372151480481
969,0.023511227118561035
571,0.0044761872278808405
1174,0.003664660286631476
3098,0.002284940806261644
3532,0.025142964318386342
5772,0.010911532568160407
6830,0.008339160983661663
4419,0.004993128254274382
2426,0.07500998275512108
5724,0.007517978743641324
565,0.0013127281389241823
3189,0.012727286963017944
4044,0.0009394231117392118
4492,0.010944798017996304
3502,0.001630012281633285
6159,0.4195804380264351
224,0.08226393818338097
2214,0.017161340255137533
4997,0.000506726751399044
5039,0.010629749137871717
1854,0.024983017024086986
2790,0.00408112660930933
294,0.015032084449769936
1220,0.003977002159751225
1013,0.0012857598965923252
4046,0.004484764020332409
1184,0.019299089449115604
2929,0.001433274446903555
5551,0.011789934391727076
3524,0.017768667177743752
5166,0.004089961108272412
2804,0.0014377782842688418
5555,0.0005807593182172016
3406,0.006032786598606803
1960,0.003700660937831885
1448,0.004025990205009443
498,0.0010158001755454307
4895,0.23459939706492883
675,0.012722290840391566
64,0.00010102607056882306
5128,0.008459266059399393
7061,0.002996984781689661
5237,0.004408682872721065
5192,0.0041539946816811085
2966,0.008146247253378472
380,0.017663605477333564
328,0.004391595555306408
6256,0.0037271531350814863
2024,0.0012627467786896134
4345,0.022586018466001376
3784,0.0034319677099747103
2978,0.0033463658536757646
1051,0.008977985653441552
4209,0.006939866864727525
5813,0.006755123568917844
1859,0.0009809789382067388
3277,0.08192982958065403
39,0.0008707367749289508
4582,0.0023330973075084303
162,0.0033970467742761375
4118,0.00046850180244474305
4800,0.003485649360951158
4221,0.009717084759802664
3156,0.012170052467910114
3903,0.027535988258701807
1695,0.002912809138375364
310,0.00788984091029935
5483,0.001887844433122393
940,0.0008947794575761324
2265,0.0016483961683975868
118,0.0010941625535391736
3912,0.006190845385561799
1564,0.0013626831106247452
1866,0.0038816974368574187
6632,0.00017060027102281639
307,0.003966589819398865
3707,0.0054027529105053285
4617,0.011963189643264347
1965,0.0006919884126789792
1489,0.013121390839072947
3154,0.0017528426072895426
82,0.0007419501422371897
2660,0.0012396550802089943
2207,0.0065356382401129875
1548,0.00040237440548681084
1870,0.0007666256747488496
1174,0.025316182342221067
4716,0.054788305246162246
2314,0.006287610071589087
2568,0.005375689566859912
19,0.008368554796590646
230,0.0032387977390954475
1344,0.0011817090515217033
6229,0.01155721796237704
4427,0.025296767309613385
4466,0.04921703651740895
6288,0.027127899026482907
4180,0.16361278235559118
2746,0.0007252640884258576
6288,0.007692378364349423
663,0.022253753668225046
2991,0.0032930122937542194
4730,0.0011258666269321792
5018,0.004513102184640988
3968,0.1938616459403638
3738,0.0012750679924916225
6101,0.0016697309878367255
1373,0.005296370192486803
6053,0.06515875939089369
5527,0.010316004673463497
6523,0.005563727567025237
2898,0.0007956649382161656
130,0.001543775338148372
7246,0.0037004770265293644
592,0.006806939333141027
6124,0.00648527990269163
1883,0.0008346222075644192
1336,0.0649614777929599
1680,0.0021104935251598294
1457,0.0014879069388722065
2035,0.0020514285237511927
6296,0.0018340402144478441
5301,0.0024204178701204347
4688,0.021427054807445854
758,0.0006724611432026025
1401,0.0010412471236825203
6161,0.0017402393642943984
820,0.00015027550150464758
394,0.006942577845952645
1795,0.007959419623083795
2280,0.012011656054983416
241,0.002883612578944545
5755,0.010757262722648311
154,0.010547799185596916
644,0.015219290014887957
2930,0.007759092639667182
521,0.016622754479729072
2475,0.013212636871631368
1611,0.00021451881332733015
388,0.003922637158428136
3626,0.002217388402726754
2255,0.04361390046749982
2464,0.032013977341568474
2631,0.008903381427340568
648,0.011514327112994265
1945,0.0009358275740730731
716,0.0033920411929286875
568,0.5783821727457069
235,0.013449968891567778
1581,0.004531777573261398
2408,0.0046266627061799835
293,0.0025414141069089544
5772,0.0068981845376924885
4070,0.0008588013708401784
1539,0.03425166994487844
796,0.738678615234381
2095,0.0058181762399926226
707,0.0005540433807342851
4066,0.0028090107832418475
4271,0.0009436106270116019
5437,0.0004858309038802564
3837,0.0016791663266355016
3506,0.014088523795951097
3712,0.004243815528847437
6646,0.0024808658287900406
434,0.001855858484379016
2754,0.0019376273566451944
2202,0.013918356403685684
525,0.00359965442431412
548,0.008915427355419699
905,0.00017802890920352806
5335,0.040290364013477464
949,0.006578633304827005
3539,0.00205274510578895
123,0.0318036725576922
2409,0.0033548641721170545
4838,0.0012410928415157404
1793,0.0834396267339448
105,0.005974453022369679
1042,0.0010456544054387572
1210,0.00043998315739655127
2883,0.0016634923178536123
6998,0.03573979150930444
327,0.004248159122255062
510,0.0005897297908182748
3526,0.004922241712270972
1279,0.018276628007621348
4081,0.00023525456326029312
2680,0.0008042285536986873
410,0.005742929700155021
368,0.020314054006323932
2867,0.015890892209944142
264,0.031726256412902
2454,0.002125847355474645
2092,0.0016647588469008
7008,0.02616418132196622
872,0.0048107997574903345
6249,0.0052465863447772425
421,0.0006093909984578055
1970,0.005076293247480408
312,0.0071315950175326204
4288,0.02207535710547269
1852,0.004894677721133968
2269,0.0018382696957824093
2903,0.0067204613729808646
1473,0.008431021996626332
7257,0.0014189153181330945
3757,0.0016186515879404598
4342,0.0026100339000228786
1013,0.00046889727721714244
406,0.006636286586108904
53,0.0033516074895669156
2780,0.04516122894692629
1542,0.0009493633772272307
810,0.0014118532280324818
6501,0.0478905577669591
3053,0.0036673227428585557
3053,0.011529557839056412
2256,0.00017568008194501558
2941,0.0020851067170045835
2402,0.00031808417947327874
119,0.0012080182416031168
3349,0.0025569933111128608
7821,0.005413519320622027
4057,0.0011112960187367297
541,0.0009440797183038316
2708,0.0006579892347576806
1335,0.002349312148574806
180,0.0007142652491085535
3334,0.0004967556756343788
1024,0.0033497850432873556
3474,0.006610209821980639
5015,0.001558677722995286
2042,0.0022964601451293397
4465,0.0026735486528637518
6330,0.0021328883485426725
5569,0.021679473699556414
4341,0.010022123395064092
116,0.00872272687028692
215,0.00729208595351998
5050,0.020129716214498168
2866,0.012496976078335694
3138,0.02954121180801282
2395,0.010424062059141998
1294,0.010838510928445616
546,0.03051454736568082
5205,0.002546786537651753
3653,0.0036814104262820123
1140,0.00201945773862843
6256,0.0026823415183592878
5819,0.0028315819093621313
883,0.01425772169207334
3182,0.0060308939232948545
4271,0.0009865886850504268
6213,0.007274724374821752
2021,0.013771435238923248
717,0.04861041438304007
697,0.0014180146329354334
450,0.004953006096542011
4619,0.0339940146590038
4744,0.01697413553285296
5242,0.002027734573507424
2345,0.006184373084265203
2231,0.0003023343742979691
2537,0.002713178208361298
2177,0.005087513199368281
138,0.020674412995715628
7297,0.005412199747985537
5469,0.005261404377775645
2368,0.0068399158438631445
3130,0.07732824441425236
362,0.012448232913619085
4609,0.00677210466320376
6261,0.00859238027160028
567,0.008967306204706156
4135,0.0010068626018033264
792,0.00796060184874884
4267,0.0011116275126949295
6491,0.02354484344641979
5263,0.0023514560639814027
2529,0.7499693396512899
724,0.0009692406394409483
3264,0.001584244298920485
1067,0.0067613583393447895
230,0.006344093035452155
4057,0.003159208545056295
2644,0.004085107145082176
5168,0.0011873969931023483
106,0.0016254744003866097
823,0.00031231174316152343
6097,0.0004149120690529032
1481,0.016671818142290757
5506,0.02031055765328628
502,0.0019408441171154696
460,0.004859188248672064
3062,0.014865324644730523
5285,0.005202296634325673
3494,0.01260409007297511
4157,0.0005679817844080005
968,0.003015140090845857
525,0.005262758587114795
2649,0.0010880828010156112
2895,0.001293844994972458
5289,0.003015212944491866
3523,0.004251777019116002
2313,0.010635201382261995
1815,0.0018962304355751992
361,0.018175648028965576
5239,0.0005533839230604864
7862,0.013879064893153733
3678,0.010418677497534199
536,0.0005600182344132216
5094,0.0012588118178762236
633,0.02421134065595609
4324,0.001120355410013589
4816,0.0014346319053612083
1548,0.0010818849487000733
3893,0.002041315686934243
83,0.0013443728809720819
1607,0.010059618565984526
429,0.007092751467856099
4967,0.008462851484446416
1212,0.0004546004000593
1659,0.0022506591453477667
434,0.0031598460440841088
3993,0.00429781065334773
895,0.004713355732060719
1527,0.09284715791244907
3096,0.001241243971751318
6498,0.003138284086941564
2427,0.056872832349349284
19,0.008425765733710615
3186,0.012459834193859915
542,0.020874091122572793
1316,0.0010974041258047455
1629,0.0011033612774115956
7017,0.003956075751748773
917,0.026415563192005855
2341,0.013178688199336685
4296,0.025838217638104972
4265,0.004119279435560219
803,0.0070380701820610715
433,0.010464556768898296
138,0.005063555156035497
4638,0.004357958844771304
1489,0.006946625407703746
4493,0.05550117870397163
1987,0.026048086049753977
2020,0.0006156357225269842
582,0.001840102116234566
1907,0.013512875129301586
5637,0.04418540203828152
4943,0.008421293243208469
476,0.03710106063829462
4911,0.001200385086369482
7303,0.00674173516827085
3724,0.002630403024883744
2576,0.004122973663946642
909,0.0010187812592847602
2570,0.017727692609642645
607,0.8835198281623103
3962,0.018266524396534256
5471,0.03405497718951568
3856,0.0019376615289306055
2790,0.012793107737352344
2220,0.0031305202941025296
5842,0.0038715735660674135
2395,0.00964789498474328
641,0.0005030150589032061
1614,0.0006365723079737401
1084,0.0028718110838495286
3236,0.30219006037104335
6239,0.0017448159069527144
4737,0.003142567110284957
1472,0.0031027195466895854
991,0.014063271259280342
747,0.0023359097923695716
2355,0.004203596234683733
599,0.6557888060279516
3094,0.002992699360322383
2117,0.0027875728936617053
138,0.004117405163558753
691,0.0035141471120428004
3799,0.05391408182878931
2700,0.023134079779905448
2913,0.00073280587991816
6136,0.015234094704051775
3658,0.008993772406855059
2479,0.02384369095532833
1174,0.01588935863020867
5434,0.006701554726202465
917,0.026219753801410877
323,0.0017818989787198737
328,0.006707816355524866
5699,0.021384286054033943
1680,0.002276105455166915
4234,0.07009310681985581
2967,0.2468593084170855
831,0.0003834683487793049
7151,0.015442718904997921
2287,0.0014970924196500601
947,0.8882108124147791
4069,0.008931067103373705
3923,0.002859766678627607
241,0.024988547556108888
5191,0.005204152400756171
2257,0.08833972889178587
2336,0.010880220141405262
2892,0.005407052825076896
2598,0.000854488821516899
106,0.0010756816632744267
1664,0.02702238277806488
6465,0.003852119619349688
1112,0.0024043576015667623
2253,0.0013164288712938042
5158,0.7040075487324877
1038,0.04003264011805451
1876,0.0021290932526809793
2342,0.020067420088292844
3758,0.0049091437667635116
1763,0.000413937565829803
747,0.03320241828160458
1534,0.005010225313643378
5572,0.043753200622529555
184,0.003735495773628073
8067,0.11857094931403821
378,0.0003552446934593197
3852,0.0008824431102088972
5260,0.007580811284891181
111,0.005069001558721085
1317,0.03103177737836841
437,0.010289066777639053
1638,0.010464878190353145
6114,0.000476502060365148
4522,0.015235569960856852
554,0.007472122164989579
2403,0.011844551407433011
2808,0.00020308070618734586
4904,0.24619949916738249
70,0.007092805898820355
3320,0.012641473399198336
3469,0.009692644104126902
7156,0.42204119792276507
3443,0.00037277095032739964
3593,0.0017212666745756611
4398,0.0008741593961908331
2700,0.0025025170558133354
2047,0.007290058511460829
199,0.0020301525248955636
559,0.0035869357448050335
1584,0.011900099739850522
2552,0.015487538115316023
3358,0.004921243863374534
3895,0.013523098838093916
3729,0.0008898021356651089
799,0.00041606593264740697
249,0.0008582396559322496
2336,0.012684457220500043
856,0.005812758850898157
506,0.026130500114491056
4133,0.06691913445655796
650,0.00010990780081598516
2798,0.006273480735406212
4192,0.003213159981271505
1132,0.0012365389229638424
4212,0.019981211475669624
2473,0.0015016089105078234
3479,0.0007014517990940353
5394,0.004323206324815275
2063,0.00929678079702651
1232,0.01871450427161456
2320,0.0034662461124653743
463,0.005184110384336582
2954,0.0064687262551761
2892,0.006199613732246672
4643,0.0015676738152570486
1403,0.002246824552849186
3630,0.0006479952938632333
3509,0.0029071267639750108
1675,0.0014405999078706602
116,0.02817974559605749
6232,0.021567917555808266
857,0.0016935682928136365
1191,0.006264308573540322
359,0.005685429975881837
3386,0.018438249103188458
2559,0.006830775937929392
113,0.009851116315968241
2747,0.00018155199577104546
1526,0.0014877555402124482
4820,0.004252863223235633
2638,0.010816807772034392
4597,0.005376205694522622
1827,0.0009746444715126899
2120,0.07988739672424021
2479,0.00863274827080675
224,0.10160055200251027
1380,0.0018043019826317335
3945,0.0015712995706056753
2388,0.004575532738464258
1086,0.012294347213966635
3458,0.001336424597820118
710,0.006432649176573338
2900,0.028398101635682203
6334,0.0019449227505500216
19,0.06199462124234461
4403,0.5509825524529367
1265,0.007081018148300685
4751,0.024126117563609717
2864,0.0034504376632044
2326,0.48534942741238907
6896,0.00020644780114663144
3282,0.057157798319125534
3596,0.0007743519291755247
4753,0.0042402807727230755
4317,0.00284177103815336
2848,0.002525810608806618
6257,0.0030378000381888312
4716,0.05645101443510448
4541,0.025567940751044817
2124,0.006836130008557894
816,0.0007559513820505057
2652,0.015402813977004676
6069,0.006816636784858465
1162,0.0006451462983387258
3913,0.006724783729133279
1016,0.005121489392776449
779,0.12216678146017197
941,0.0032181341331182565
2289,0.002205680878230333
2925,0.569344081699129
1700,0.0010696506264902927
2176,0.0004469306787549107
1454,0.003842655157144143
1135,0.013548099152295415
2888,0.003234272944232627
36,0.001439462837837009
1895,0.01206045812449418
1584,0.006275397271069463
2176,0.0003835828760901167
4127,0.0003499166589666785
4466,0.024704467010822538
2202,0.001285059060880572
1782,0.0030179301966403132
5873,0.0252567501951834
3971,0.007528417190424346
2568,0.0032886591138730744
2378,0.003145161003386807
3063,0.003089147886930005
2284,0.02782545619678939
1691,0.0014070227810331086
3760,0.002792396013639289
4124,0.006728443197780702
1726,0.022080398375609843
3710,0.0054388817545697726
1797,0.000397884892062005
1453,0.0018551856147922998
3605,0.02276383633811381
1343,0.018245663598468263
487,0.007251019877453619
3781,0.021667892593674246
4888,0.005847816561998492
789,0.049341344956140135
4441,0.004030802824441247
4684,0.005525493557406752
2389,0.0016132322836289812
2912,0.0021626879997807143
4049,0.00466229019555627
4077,0.0013685390404149286
1055,0.0020557265831967052
1625,0.00410326810204922
4668,0.000829082060340507
853,0.003986802078236429
3499,0.0018730460780002562
3924,0.013915664011592796
1481,0.010482865829859972
2960,0.0022851528348149927
1158,0.003043293121580846
4926,0.003380796353617554
722,0.0030827654130097235
5938,0.015803511449482666
5154,0.008501939204954102
3804,0.015987411846317558
849,0.06778710143170504
483,0.03137702543770198
4846,0.005682107370832631
2881,0.04206319622514197
5062,0.7938607427245337
4244,0.001966982474194176
6636,0.006899395209489329
1023,0.0031924624848445743
1350,0.004774239510388335
1636,0.004680173964856507
3683,0.0023976301656186967
1436,0.000999786527967603
4730,0.0034757712792208195
2121,0.0019374621157607246
2336,0.01586213359768334
1887,0.013030442802428203
4201,0.005102844072732329
1454,0.004988578673801185
670,0.003581503762778254
5507,0.01296377451513023
4600,0.00475395628793558
369,0.002327986428028525
2256,0.002246547995420229
4021,0.009401174638395455
2463,0.0012200774406939939
5191,0.013517690734751881
6158,0.0032423231707326408
300,0.6562276188684601
6341,0.02892025007242265
1409,0.0012282289735219068
668,0.0007658735238595308
311,0.009151509547643755
2159,0.06297492552271447
2220,0.007223426348003446
3244,0.027334176883029714
764,0.0035336781324625203
2128,0.006518615916850729
5551,0.013902065669883267
2315,0.0028354868254487514
4163,0.010192501025669123
1375,0.009559251698393865
7355,0.008602660687313728
4562,0.007722509630826578
2147,0.03402238422250684
3406,0.03145277460875789
766,0.001412821322662219
3123,0.03344969652498662
3454,0.00025761216421862074
3471,0.02888301725152477
5282,0.00010303777123116225
6972,0.029284709657918292
1548,0.0008099595330283331
2444,0.0019964780606451828
741,0.029026990249577334
5037,0.002664427284355554
7477,0.017932000701109934
6528,0.0020536348345844904
2061,0.001056682523330191
2451,0.050335921388656626
1631,0.23384693199306505
50,0.0021137755506056336
6096,0.00033909774905658717
1217,0.0018971698608924298
2193,0.0008657486784966416
1796,0.007417462327083326
5537,0.02399614864652536
251,0.002796898161806926
4851,0.009699454819652873
2091,0.000699731553221166
5070,0.0029470482340209726
1227,0.01000662952417809
3488,0.00442806842087066
3922,0.024188186613983705
427,0.05462062403265503
1056,0.01844680328040733
3008,0.0017827674155623666
5345,0.027703157993479402
5864,0.000790215133057802
3039,0.003798742703739572
1805,0.0022322142301517945
4149,0.00458619159364101
4831,0.002133075115535924
4767,0.016244744883777387
3745,0.010224554836010046
1967,0.0018126141813768243
3300,0.017647150252974243
996,0.010511200819706117
3548,0.01923469504024913
84,0.02004662967139658
3976,0.04227058844892455
2243,0.00472247495900016
2069,0.00806431977862969
3870,0.003800327898470817
3412,0.02219309826005509
2239,0.0007393013461607235
1833,0.010217350153774282
1764,0.0029900261194102497
2097,0.019783435821406764
1471,0.0026878751328350352
3506,0.01626717190838868
5960,0.011566441881305668
2747,0.0003233868848239716
2802,0.008135555225240081
4707,0.028268436663939238
667,0.001993063187911858
6804,0.003539926297667625
710,0.007941746137424037
922,0.0005432151193060909
1411,0.004535061452976465
4373,0.012337971911903327
3579,0.008153778465285968
2917,0.005590471315417728
331,0.009507821252646936
3117,0.0030663308485284935
3001,0.01178940319582508
1619,0.0003431154476650766
2091,0.0008312368107620476
3306,0.009209865704701989
4186,0.0030446412000416177
3261,0.7891658146906536
5580,0.01626531207062803
387,0.0009289712931825204
2289,0.0034403257140013417
1879,0.009680078064264101
6638,0.00030656170909200035
5554,0.0006000292720080851
2736,0.004292241512586812
1984,0.594472293235615
1561,0.0011954694836576103
5377,0.031015966399009186
3491,0.0048328462797248934
3493,0.001148982296088561
1065,0.024641978428500837
1190,0.0062720461464925836
2719,0.011243981206397585
2206,0.0013967613927667562
1026,0.004558596183970633
99,0.04044222316050504
884,0.012169223765216664
87,0.012166121635045329
3622,0.002509777688660178
3187,0.005664049571707227
1580,0.0004563858576423588
255,0.02239012364629907
1155,0.0018986923840461061
2540,0.0026142012830103842
3198,0.007348808194525341
3042,0.0005613845460878674
2453,0.01624376731098581
2266,0.0005598068458942951
1981,0.004093919968212634
2439,0.030738287417997865
4163,0.004625022351475993
4625,0.0029384042557978112
456,0.019974797421834212
4544,0.05025121375914352
1487,0.0008878616718328639
7294,0.0014134441079149294
6408,0.005254832873000915
2461,0.26221279841395023
6032,0.012995993223963548
8122,0.005421210806684258
414,0.0003949259325884728
2773,0.0011437495155145637
3204,0.0024397147536346303
5963,0.007427827256248152
2998,0.032553313463872205
2060,0.000282570960821748
5253,0.019777939375666555
2467,0.002364236279576915
779,0.034363271630954685
1276,0.017543992878659792
1877,0.006789081827521877
226,0.0007853898718638898
2508,0.05877531112663191
2804,0.0017187941094621172
4706,0.00041230398150563733
1010,0.0010569330712785656
844,0.017661042582041497
2791,0.0007459771255964592
2974,0.0040482976792210355
368,0.013253037273869657
4522,0.008618687909887908
1216,0.0009054503686468743
1065,0.04202695512358433
3156,0.004269056620880372
3517,0.002678888568957553
5425,0.0005003901048500244
3875,0.0008652621489562136
3429,0.0008559100855729645
2543,0.007571572981857982
4279,0.0016024064187630347
7480,0.004026995806613051
307,0.011136394211357929
971,0.015282970591034062
1577,0.06049271655854953
4073,0.012142896001085429
4775,0.01156026530266424
2543,0.003764106939413584
1179,0.0064491381213943105
3550,0.002736655531237048
5280,0.01679087508455617
1356,0.005739845568488038
4432,0.502504002242331
2092,0.007326735094216405
2671,0.0033891199380931794
399,0.0008935956694800611
3133,0.000305546339997945
2397,0.0015559868698629324
2008,0.0010364227276342527
5415,0.0054422359725995965
2454,0.0021380544941840265
3587,0.010372574312234737
797,0.0036662418894747896
1016,0.006169182681225223
3094,0.001094715843883114
1750,0.12560053774227337
4110,0.005348024237543092
1708,0.0018688537657605467
7078,0.012174531914330176
3035,0.0062261083551433585
7461,0.0037169951565908118
1639,0.0005321915366226346
1750,0.11392500911596508
2175,0.001827106061714909
1509,0.008369451718414453
2411,0.0014354218584953092
5597,0.004138882733990451
2825,0.0009506332167738703
1559,0.006651945624495701
5268,0.0015516661160559306
6880,0.0033252058684331088
1892,0.0016970351793364254
3714,0.0019776971075077024
3705,0.002134270233453334
956,0.014767325974154866
27,0.012368722030387793
1089,0.005665725475571675
4521,0.0016423261269850953
397,0.0010265028652539248
3712,0.0027434796803922357
131,0.004806112896244742
2314,0.005425248352321869
613,0.01608163217055481
985,0.017043567755734897
24,0.03869983019481564
3930,0.007711101347961971
3347,0.0009105076523211529
5745,0.00031779463062779503
1236,0.0047428923505031815
1588,0.07458206483007748
5639,0.004086346412471995
2369,0.0019200756179660798
2098,0.059426723485406105
3536,0.0036387405276671688
3798,0.001681278127368495
2239,0.0011997914563137463
3078,0.5854248674765599
977,0.005428193312783093
774,0.0023749558567527107
2698,0.046601505404431115
264,0.17114231671261604
1845,0.013877027397578528
1065,0.010636652100800793
1837,0.0028721040722258285
1542,0.0020676579215877524
176,0.0032062135795159993
1764,0.01485208777202047
775,0.03571278673983614
2172,0.009829345202833026
5131,0.006726385725095057
1541,0.005340418090041787
4539,0.001836100778217522
3190,0.004726515256122498
6264,0.010160852352989249
2683,0.0017617356934922005
3904,0.03836734474429732
2190,0.009824804645703568
5030,0.04829745263379821
5983,0.015773902588282557
3042,0.0005502276929581662
1624,0.551171705054632
3568,0.0017317766581359166
332,0.0009883183509317025
952,0.0022640850405156064
476,0.006431482702191451
4766,0.018272479876991363
2610,0.0031584763767594304
5559,0.007170676977385071
1849,0.002702454317030918
964,0.0009359276267210313
7147,0.001800507100594991
2241,0.001040616566493721
508,0.013380244388310725
2668,0.0034121926012938095
1775,0.030154288344938038
2166,0.0019886663362339986
6097,0.0006442731200895521
1547,0.013843686978509717
1025,0.005284716731175338
4052,0.0016277666976718787
5153,0.041512107130844154
5059,0.0032428081081785107
600,0.0024487921555275773
2716,0.004375087442702058
3227,0.07642404754719788
4009,0.05401047408681288
5321,0.002218978885440203
1024,0.039914676808261655
6384,0.0052279605751192225
8,0.007933727740283242
850,0.004238873656601807
1635,0.0008220387750956464
472,0.003808377636500347
1419,0.0005526628003267652
4861,0.006260958169960534
3005,0.005349568128283806
2252,0.013631623673151605
835,0.002090635266770948
1956,0.0012447678247591058
4818,0.0013158660041590357
2210,0.00047278415078604437
4616,0.010773255358151311
3008,0.0013361997712701503
857,0.0018290971290040663
1686,0.0030045761326211702
5877,0.00834049651291081
6379,0.09494380551408883
1403,0.001676629148346565
4580,0.04219022416429764
4485,0.006838995244644888
3499,0.002328749054854947
6450,0.004610213831654094
2133,0.001947722813310288
5885,0.023355290633220838
3187,0.005752732710203049
1513,0.007165455054201464
717,0.030817512993998816
7917,0.0027584354667630575
1616,0.003097183214364096
2024,0.007334483461848632
966,0.017412778906859994
2401,0.019904163270363595
1100,0.001454648727211676
7128,0.0378216311598074
1626,0.0005147101896854394
2174,0.064825154365137
668,0.0016991584624272138
693,0.014868623704160217
881,0.011614110542572824
491,0.003612217660764825
1236,0.0009804112384484299
5208,0.048693687292712125
442,0.012806002223553851
4367,0.10548990122648692
1450,0.013055054222179912
3517,0.002809264864582541
5522,0.005276011542703948
2882,0.0019647095104640437
5735,0.0013425842575070077
4284,0.6031502322126646
970,0.0012088389171903417
1386,0.0026344659614521305
1236,0.0008619364420124638
7770,0.0017485317936092961
2346,0.0029867770251061246
2497,0.0026799126829532127
4229,0.019806816751251115
5324,0.00314817090947052
3514,0.04171701647083505
2506,0.00412751554500721
7675,0.024638257340408018
3958,0.008235380314660383
1718,0.009893681368157584
2079,0.006306403275610078
5769,0.01646345926809954
1924,0.007020437121266786
1190,0.015951957508874477
2221,0.0025163292866870845
336,0.0022047939949538607
67,0.010355763454205962
427,0.05214206755849638
3717,0.024979767969412113
2863,0.024458987132172667
1125,0.002412712391684258
1534,0.013193956529243099
309,0.00019344612726623553
3036,0.018572700989717646
4107,0.0011901902372480338
38,0.007427849351044958
6096,0.00034431619708969493
3667,0.0445414224068454
3997,0.008186030002812997
509,0.0015448091092621443
2304,0.013280185313162385
2243,0.0010804687414744472
3395,0.008250403541325503
2298,0.0005329891447645277
2477,0.00042721053432068787
3739,0.008946968354727398
3357,0.002725338882043832
4590,0.0042884672140669705
5,0.0006721887888186452
1542,0.0009493633772272307
2249,0.0037847768478188777
3166,0.0024034744929514454
342,0.003547667115288551
802,0.010786545297345575
4233,0.0009219825442338686
3475,0.010588327323223273
1881,0.05400046301793477
1321,0.0031189727177454536
7809,0.008077975450933144
1907,0.016979093832167714
155,0.007042982083416449
2691,0.0025972817814227823
2153,0.0033090194424355225
1763,0.0003843095533881273
2783,0.003681485149702569
3367,0.0031405508669097985
2802,0.002139121465575357
4527,0.14483622333535962
2770,0.007948247653123356
26,0.019704638136301425
5394,0.004878867033714764
1977,0.008975862618608428
2881,0.03773270682635436
3987,0.06376497825553729
1461,0.0037385304391747243
5775,0.0004386808197275509
3727,0.002280774039292092
1853,0.003468395515252888
756,0.029363887039315487
93,0.004746416727002848
4715,0.016752278334429424
2092,0.006481280288835085
1068,0.01893734510871472
5523,0.004620606856170322
1784,0.014625153313467356
3018,0.014125589783165231
3585,0.009017882129270672
2967,0.09944859770061695
6474,0.0037820458866852824
2420,0.014296858156266332
1858,0.000988060982148607
1019,0.017235852689561834
2950,0.04009298972380731
3785,0.007179503043168836
1260,0.002060146703895696
5231,0.014663578232530476
2647,0.0035466634140054586
2896,0.0015037308534545536
2435,0.019230580923706848
3061,8.343579947465285e-05
4043,0.0041002575355146165
2522,0.03553502622960821
4673,0.010099065593186633
2168,0.006125464065031197
3689,0.0032864343390809764
2602,0.031533179316573574
171,0.010944905105211523
1075,0.001610901757596451
1098,0.0024401319461194067
858,0.004077541406227959
238,0.002061658741258468
212,0.0015202221485525356
853,0.003986802078236429
801,0.006240113509785533
7411,0.005079191406934229
1829,0.013856557923848257
816,0.0010272044004751332
1901,0.007210839930143691
2516,0.00039692273810538786
1159,0.023445709353489896
2133,0.006053374928895723
2443,0.012860174516288396
2690,0.050652319738062564
3703,0.014456375808869198
2408,0.013272080573373252
3142,0.09503485297908106
1120,0.0006807124622703653
2410,0.016888992776800553
648,0.005080170279197445
6201,0.017324152744237795
1100,0.0011035798498165415
986,0.010817291826293709
4596,0.0036162817885712684
1784,0.014195151941202943
3319,0.003839145209521199
1042,0.0013084938502839125
3019,0.0012975915937222726
2935,0.0061682734327558235
48,0.004392788504888594
1402,0.017228638149239014
3399,0.004116800729126608
4261,0.00035226234850027627
3521,0.001899113964970325
5263,0.0016938438840556661
2679,0.005268255550451662
494,0.00024212062509599267
3141,0.0103442520214107
1849,0.0001351919259220952
7067,0.014370776956906934
3356,0.0032077483436843326
4719,0.020499667284537972
3485,0.0005986130894911201
3664,0.004139308653303274
2083,0.0024587503126275315
2640,0.02290345268605377
2491,0.000568836004561635
1127,0.00206706909650453
3527,0.2871587636314428
1395,0.011552460201835734
5282,0.0008343565585814326
3742,0.07183915753496305
3529,0.005069379495931745
3048,0.0046222434466736415
2021,0.008848819665673607
1279,0.026693330675020888
6077,0.05184456652329426
1494,0.04763612277388425
1263,0.0062134724325118235
4199,0.01467524489374392
4644,0.020359783725828362
5477,0.000839169445095335
1784,0.05186905141696236
5298,0.020827132942268917
459,0.004391894866268268
2505,0.00098908637719605
2375,0.005871197179847662
36,0.00026412678473426666
2144,0.003816954807843156
3664,0.004486873216461749
4749,0.007227732110019767
3653,0.008168404212679082
313,0.004679272331454615
2303,0.016844702011461925
2475,0.032244805839593174
1427,0.024981211497729958
1683,0.021855315926175952
3347,0.00808645556349525
3270,0.0017625780257923352
2882,0.0016749580176558618
243,0.0015673338961066804
4279,0.004832543007078788
3129,0.03281414572804535
6314,0.0016766496010653341
650,0.00011025229265298582
756,0.004759220090298876
8,0.00546532711118037
1561,0.0014333121635501996
3625,0.01698578631125115
6338,0.007973635732148621
3057,0.004753617568952403
1154,0.002088869136770377
6638,0.0017143947391340783
3136,0.002286672934274747
51,0.21226007985519285
1482,0.012125588740742878
4187,0.024866384756064133
3348,0.0018864286553348113
2829,0.010649484969925474
1278,0.0015529975020518406
6337,0.028517192221838048
216,0.008580956123155526
1643,0.00287395854816946
3532,0.032911610678541994
2038,0.005821174252855784
799,0.0002650475460473605
83,0.0010883857428663133
3919,0.01269300824297313
516,0.003952517319791145
1035,0.5237672128864215
5985,0.021953411984343314
646,0.01760829253079581
3231,0.0015849984137296528
1234,0.014082582501578652
4706,0.0033502548012795505
2727,0.0018316890544749424
3838,0.004164186291116609
3489,0.0006436488846216865
4737,0.0016357998736484212
5916,0.02389416718329936
1368,0.0038596436607431115
1658,0.012898395148895209
274,0.005237624137304674
5500,0.024111658794909566
1616,0.00203171788364544
1419,0.0008299141177905779
5163,0.0005256577867286437
3958,0.04320846475460827
161,0.007162079960838722
4199,0.004877513176803302
621,0.028562219262494633
3781,0.0038779182839925484
5716,0.02585012931584019
5443,0.012813846768014982
2591,0.009391919550823889
1659,0.01650536490171364
1077,0.004981869565373744
5802,0.013881748408845498
2773,0.0014600311679827467
5340,0.005291992590371579
235,0.013396403910985528
1232,0.016365425939788483
2475,0.029026644546780087
4820,0.0038080017827910426
1258,0.006308359483980899
855,0.00017014592759859702
4060,0.00372468563250076
2082,0.010050703427296519
5773,0.002713079951591981
3605,0.014392716871496581
2543,0.010866218586466388
15,0.030370330435604248
1959,0.004961360913929585
2801,0.0028323677741509236
2828,0.000603068534808468
1023,0.0019686758374185434
552,0.0036472832822424944
861,0.005356663826081008
3580,0.0018533811504950419
774,0.0012127697148836857
156,0.027549075271645365
3701,0.012881697451389286
1791,0.012582121336546487
2684,0.0019478525036237947
868,0.002987800851166633
1022,0.003868781934174647
1551,0.003109915701913209
3271,0.0007474118483164297
290,0.001962620706229315
2514,0.0023962512370349844
557,0.0012797345994981712
1714,0.027344332780654502
516,0.005498497519432982
258,0.002675485361828878
760,0.4822630389306533
2415,0.0032150405806821237
987,0.0023796572773044622
7520,0.5286641711719045
5397,0.008895094745279462
3230,0.012284587943993622
1392,0.0011492699795277732
4465,0.0027611789972695933
4214,0.001899863779029414
5448,0.0009962559896248462
3977,0.012432757833759748
739,0.017583749908638
4380,0.003210636643582812
1380,0.0008976465543862559
1015,0.002040807987133706
4841,0.0005408802052547228
1636,0.004825429648544143
5569,0.0047201428885585905
1052,0.005335771453614212
3494,0.0190346597818081
2906,0.014720463881006606
2881,0.0359961383390673
945,0.0045457029837032035
5520,0.0010177447131124926
3856,0.004653962368242037
1995,0.0015367808565287776
3710,0.015445896772371497
3578,0.000772121448354422
5451,0.007800913873423636
4494,0.003001153936284586
3741,0.005068687044503974
1403,0.0012176751433502393
4310,0.0030118463468448565
588,0.03888864862797496
2791,0.002360240531958538
807,0.002151758711403048
530,0.0010707330046430782
383,0.02251580247131069
2198,0.0010284658964523645
2756,0.00027196481517213604
4188,0.016561732116324612
6161,0.0015362484217949085
2866,0.02414860889853762
202,0.0050881814611166126
1752,0.0010204052361270915
5149,0.007489791515612435
5963,0.2492680217747342
285,0.002084389767594732
7603,0.048159331151447195
4468,0.00011982084077510794
6713,0.004337165283675079
4378,0.003945590612184741
2147,0.038660978595830627
8093,0.006029622095852495
1810,0.0010005850943663958
3166,0.0020082580811700023
1185,0.013928837642428428
3421,0.006599350544703199
1260,0.0033406040003419388
2553,0.019730545739275254
2269,0.00190529696482029
844,0.024096978670587695
1008,0.004610896319282585
3439,0.0015227775518953926
3051,0.0007436702894877704
5632,0.008269759489024014
1160,0.00148913900489064
887,0.0035749758990649303
760,0.5216235155212162
2325,0.0010863452174591024
1687,0.0014334217975180768
2617,0.05556056258338942
335,0.019952659948137323
280,0.013422757994941652
3302,0.012594529847156368
4579,0.0033679075166003166
4398,0.0002922887639608414
1210,0.0013561470442952164
1838,0.009565783569145166
5259,0.006892208371298431
1330,0.7457194842184935
6163,0.0021559550265037464
2336,0.0022300798480587077
2052,0.0014193715439724155
4407,0.0025904122691364716
1764,0.007272178479236921
518,0.021322136755491074
32,0.001319776590050062
7313,0.002203747713341822
2467,0.002137722540736725
3660,0.15298191579843096
219,0.0011371471099229447
4990,0.0039387226312547294
5422,0.004456369269289106
1473,0.04891368809286055
559,0.003976843598138257
7743,0.01050849122496704
3551,0.012395433646588253
1673,0.0070884904488802865
212,0.0018599491746817739
494,0.0007966257103165025
885,0.007200169052215746
5181,0.001250944055557747
1066,0.004787760628016541
1048,0.013335435105456095
5342,0.014845283860775901
1865,0.0012614309241101278
339,0.0026656487360154214
6880,0.002276475347360264
1051,0.061569438937966826
380,0.019819180645811493
3260,0.0006197385455278252
4423,0.0009085601257120705
419,0.017344731873603268
4113,0.002329798831590803
3008,0.0013361997712701503
1850,0.010906954056318302
1188,0.000527800736095316
6445,0.004660254833981736
5751,0.0024921572952280916
390,0.0007229366783456358
2221,0.002408799357236894
4751,0.0006598947527400485
1602,0.009669893805382888
2663,0.035229464880685464
5168,0.001649594599726474
6743,0.04584402935222103
3228,0.007218572915397082
5667,0.0027932072275455764
4418,0.0028177706069280723
3688,0.00315139845027059
1237,0.004300356644455906
4934,0.003920885915491117
2711,0.0010815432905250696
700,0.010218489781230732
5637,0.029011484128286854
121,0.005941261504717746
7102,0.00026480128044496277
2896,0.0008367350288818038
3475,0.005923640463977774
2545,0.008222018387856314
568,0.005197536057879623
36,0.00026412678473426666
1286,0.05173707196456321
491,0.013666982033598302
2225,0.012073089293723529
6857,0.02002388696565379
7103,0.020833528438509497
6232,0.027143834489901333
2827,0.009426766993105113
1270,0.00416822849411101
4000,0.02240034007125224
4279,0.002732054092228009
5396,0.006551451857375108
105,0.026876396751696976
6230,0.010240547059453228
4735,0.0009312639296209611
6252,0.02897384337761267
835,0.0008229998552655773
2883,0.0016634923178536123
1276,0.0034680031484772373
380,0.004007476144818042
4897,0.06641701251230274
5709,0.0014503029185614282
5144,0.00019031463761242688
994,0.03065767452105371
2545,0.02105899066620469
1955,0.00044306659024931805
3080,0.009600996065449128
1551,0.003496198654536349
103,0.0013467809770849857
5329,0.2501150268153516
1897,0.008895701186433857
1962,0.007161637063645098
3945,0.0024022721571730294
2849,0.0003723644582672729
4582,0.0067880103360764684
3944,0.00016155825273952325
6218,0.003491001783401297
1239,0.005160648539501379
1690,0.005924358172622775
3049,0.0031230981570193254
4634,0.0026415557788274442
3830,0.012589649514673973
4736,0.0038578095026257407
1498,0.020153409656390085
5771,0.0023833655994107334
5004,0.003876400058937039
509,0.0007160746083768932
2505,0.0011751757927313672
1911,0.003091829769329957
5916,0.020252960388346123
3710,0.011552151551938311
49,0.00805808602387573
3277,0.017368611057570215
6346,0.0015436340991220045
2574,0.008220228230083025
2901,0.01858147918596164
3691,0.002962308525366837
5234,0.08536062505138615
3186,0.062366463936162866
6653,0.017033404035602696
1941,0.014888339195296762
4198,0.0033059553048325353
3547,0.43662922055689557
4432,0.41174928424642937
2487,0.001347591523672673
975,0.0013273916356060032
4738,0.001483850826673234
2519,0.0008414218224780575
670,0.010110633137878132
401,0.006705997180763905
773,0.0089011358687175
2094,0.0012584207952974031
1148,0.008994641680965766
5127,0.010043271312469258
6218,0.012295984375937449
856,0.012988268986057486
1349,0.002106448073350104
4857,0.0014679390711328218
3467,0.0035403563653574168
136,0.0008636591578506033
1632,0.004913883509769823
8065,0.0016102698348323362
2598,0.00046634432063908423
1475,0.0025675304997091644
2827,0.011619423296836559
2970,0.0006901811892005096
2037,0.37255355792623956
6161,0.003040913719566828
1472,0.0023987003676346932
739,0.005560495010857047
5911,0.19680370990838514
4460,0.0036766975549002174
4471,0.002569564911165255
208,0.023464163842479673
1110,0.0011572383017122553
776,0.003966114225558304
613,0.012608432056753643
4784,0.004042571343900109
105,0.010108201920931311
7922,0.0015391365240381987
1183,0.023113193625389408
6006,0.032962075515968886
2010,0.0020322958143985602
3038,0.020047229997661887
163,0.029478955433583996
344,0.002172095034400068
3253,0.01171320937487685
2285,0.010440583682287183
2147,0.008119371485915556
327,0.005827468076126639
3333,0.00038625067574199717
4268,0.0039394048732256035
3899,0.0048736526732764225
6224,0.0034617811349505665
6173,0.03245013425265433
2944,0.0002911725177135315
2608,0.0035713559034594397
2127,0.00804266532062311
1379,0.007201596447611987
1136,0.03538825868032888
1190,0.01699302481936717
2,0.009544139725005379
4285,0.07595564083740151
5352,0.011268684690873769
5030,0.12487124265125388
79,0.011373001915469666
186,0.01962699104832132
3788,0.005366439845144224
238,0.0009372186640245541
3156,0.010218825310700692
4560,0.0010889705863726849
2870,0.001494028760297291
7576,0.009641211254905498
5963,0.007275577649241612
2041,0.0042786229437767115
2702,0.0022875902447622655
3445,0.006983023223634756
2731,0.03067867717039287
19,0.011111492933980548
2381,0.0009337499929445288
5107,0.021936387882422786
2313,0.005182608000550847
1592,0.0012206505106241283
1286,0.01717058218686129
1740,0.00605026422594039
3235,0.005593222090752659
2688,0.03588672650258889
1234,0.0007577442340871255
3279,0.0019486280123247029
554,0.00323393313666723
4850,0.006755277717888421
1745,0.018746773544619007
1859,0.0005887794676735691
4640,0.005848204434374814
130,0.001116043092781113
2603,0.014749541192907441
4118,0.0004794258521546939
289,0.002599787202131299
1913,0.00885947152071369
105,0.005065886492001408
2600,0.0013112543915362372
3923,0.0036812955538861416
5346,0.0012674300703789077
4596,0.0033704891090521
1864,0.004235390641048987
4919,0.024617380559035715
2003,0.0017002937563880115
1888,0.012260372401551452
2249,0.005333781394433067
2741,0.0011025286420901523
1715,0.00043557237906956096
498,0.0013025946384746339
1954,0.01728760431666789
3786,0.006291627356558742
2520,0.005367200898142483
1201,0.001418169726918289
4692,0.000937206584779122
4922,0.0009382259667976558
990,0.007747373409516649
3758,0.0011713016927002713
3778,0.0009329889940389239
5015,0.001688299931321685
1947,0.01109701017581239
2654,0.040812551001488825
796,0.24143170579637446
1237,0.004213478570947251
566,0.0025073028721039332
1429,0.006789963076562691
4240,0.025245108553197157
1584,0.007714993327502026
2985,0.0009336646645814215
3746,0.000874778978175133
4720,0.009282732196256785
2456,0.015098284372650598
2993,0.0013333185750537754
4735,0.0030933466564813045
4004,0.004506850548743434
7669,0.02760834620589198
4140,0.013482842472953938
716,0.0033924672928732007
178,0.011762855587925189
4112,0.004563462404448296
1420,0.0013678892605629267
4036,0.003404402180729947
1439,0.0014611913732893386
620,0.03042865755482767
1859,0.0005887794676735691
1688,0.0006442197540403395
176,0.002952402571382343
712,0.00861418023270409
6325,0.030311029387263485
5110,0.0013317039248373294
1412,0.0005306243926431499
6223,0.5383122710890326
4218,0.0010528931665131668
1446,0.048929712342655585
635,0.007061726756565052
3771,0.03171446313062693
384,0.006605813672170967
263,0.00461722765786062
5911,0.4250337264426652
78,0.029490741406594734
776,0.0034400949936522684
5538,0.0010124453641051573
234,0.05093766332898257
1436,0.0009988933098329907
1067,0.005265266953566212
3320,0.002878270451404098
5711,0.0013228000767757458
179,0.0084791118269332
159,0.000709200418030516
6553,0.004160867326152472
197,0.0024043488328765413
3142,0.06329677342361613
1214,0.023433909787334367
311,0.0014825146644653956
3198,0.004223803034158818
22,0.004350136005066404
813,0.0010412901712035425
4222,0.004333963286748826
5914,0.002082462886547574
4109,0.0002629198513517217
1387,0.012636674992919131
6345,0.0023150538561642134
1750,0.027655777908647976
1981,0.0779765174853891
766,0.0008706398190947663
420,0.5649513808199171
464,0.017217425684122524
2319,0.007197866988794855
1410,0.019099715219095176
359,0.004524644088042791
49,0.0039093073791593965
4997,0.0023261221196666667
6514,0.007946436611075759
1578,0.01530139388485552
3666,0.020477353530761543
670,0.0035518148619771575
797,0.0032232074486673924
4914,0.0007085184435743905
2902,0.01961782684768941
3778,0.00057112694288226
1797,0.00016462261693211917
2595,0.039994339198081263
4283,0.11690578391804726
5050,0.002575910564500248
3224,0.0049299647621557415
2175,0.011924693424050073
1920,0.00717065017616733
4844,0.0020426826864614798
5345,0.014171683620658335
1355,0.002899686502917901
7298,0.01703763877528061
731,0.0006271685759371478
3467,0.0007775482248926828
2654,0.10503334847364401
4292,0.0011335314550513353
1604,0.003316382215397595
1647,0.006617034335639813
2327,0.00154614789209133
397,0.0024482831311607015
659,0.0007384270193694593
5702,0.006168587696234168
1907,0.0011177310765896886
929,0.0031471646535988756
1533,0.0048619644942748275
4994,0.013755930551110957
423,0.007763266441180724
2554,0.0034655352520228918
1023,0.0031924624848445743
4816,0.00634035044691987
179,0.015076409327018111
49,0.005234241357253115
2967,0.32116835677215483
928,0.011898752977460115
219,0.0011447233321091497
387,0.0005723646877406518
2889,0.0013178541942085959
32,0.002481142427282027
502,0.002042280646656907
1994,0.002306928707876033
1491,0.00208664682709644
2785,0.00072673910929828
3394,0.00160122315774808
3509,0.023943357841819307
2712,0.006288409551218482
562,0.003706620145735771
1226,0.0013260285684467297
3257,0.0017129212951164025
3487,0.0010281035356312035
7537,0.0034604199901799395
5422,0.0011144496600182453
4718,0.0035533184749363565
2102,0.0005174092462004814
3677,0.0008369780649550043
1241,0.0015806065868345367
2240,0.0016696593480401022
1746,0.007909158171172848
2210,0.0012737400960751498
2530,0.0011500376544762844
6830,0.007698306150019062
3351,0.007950565199637846
1449,0.006521504725164831
226,0.0020701773666275715
2598,0.0016372798128655246
2180,0.005835142129060475
6874,0.001128138267049197
113,0.006016414057546369
1572,0.0038280598734101424
1194,0.0003730732148018077
1824,0.013915776405795608
159,0.00011063056720696368
1800,0.007211310975590595
909,0.008172528332092319
555,0.011292938749091945
2040,0.016221473166698187
830,0.02015483815213506
7655,0.0018823919688403185
935,0.0011990800949379572
854,0.012791309629593508
2179,8.694469206417414e-05
4784,0.0050583889101432356
612,0.001095272672576643
371,0.0044879948617536965
6291,0.0005943699525563586
445,0.001845674259652138
498,0.001077046058593302
3309,0.0173189570108382
776,0.003448248950957676
3800,0.012417983235201255
1091,0.007981453525246127
4486,0.015420579287732517
2224,0.00886941585200199
3914,0.0037479665235174856
1223,0.014490783998478255
2900,0.07512722387394187
284,0.00409531003274818
4634,0.005921434835159435
5575,0.0004504702341836809
1531,0.0013992883247635442
1559,0.0062821743752598655
5505,0.00019646016101450904
1003,0.01623773762448485
3677,0.0026518929246267683
1420,0.0009798735184373775
1596,0.8023927270425553
2209,0.0008739677796169303
3565,0.0028209398998318893
437,0.02863598969921418
7145,0.0034540117486669777
850,0.005071603641268048
2454,0.00835079459450559
667,0.0014927514007050057
3785,0.007114013548570952
4821,0.006296089136428164
2080,0.006323693993462507
2887,0.0020487402932515258
1460,0.0038664541218635298
1892,0.001763294945659681
6157,0.005025434856519862
2076,0.008835010173369231
1870,0.0007666256747488496
3426,0.003927624194072167
4730,0.0014486847195684719
1187,0.07189380932237108
1544,0.00732645764479058
490,0.03246117942035162
873,0.002878583436842476
4531,0.007321726556332745
6170,0.035195475714196255
452,0.0253107539835497
1892,0.0016999353334614029
3904,0.03450055841616365
2749,0.003148092907558049
3777,0.001486824501144015
1572,0.0043969092686475825
2580,0.005186445074721958
3289,0.0014143996828656423
2290,0.0037814272822671827
2841,0.005641870272270472
1364,0.001722159126801626
884,0.011168119922128678
4234,0.05451207264987101
5836,0.0016949527184318182
5197,0.0010911342446377303
1879,0.014196614227365806
604,0.01412881980834338
1616,0.0015559533835421441
745,0.016281690288687412
2924,0.0020838453610665672
4171,0.0012735512516639607
6225,0.005661570893900716
4966,0.007045481233392792
2091,0.001495860995276018
1213,0.010204013340329117
2476,0.04490429531906039
7578,0.0017793512242890918
4752,0.004074336644175804
2807,0.003901684296903939
6044,0.0035858334497031706
5629,0.02413064335222804
3370,0.047715058978542856
3537,0.45716387665703945
3625,0.01421644630153304
2359,0.0011982721319808217
2156,0.01106511975685038
3461,0.00027807742512638044
69,0.00045808211462670695
1490,0.000584879655925278
546,0.02102075988030808
2604,0.001949374634574729
1727,0.006363851239840928
1897,0.005690458012225661
5631,0.011845089967625212
3316,0.0012743896704418515
2433,0.0036302761171956603
3627,0.0019779605220895603
164,0.0034387575621781835
101,0.000276458154890396
1415,0.05988647575288927
1603,0.0026813419886843348
2550,0.07185395130350566
1402,0.004396055373919688
4994,0.10237141452495478
1843,0.003981055609780391
3742,0.006400897701550458
3458,0.001160755194738396
7163,0.010764629379815774
2302,0.0031033374553396486
5768,0.16596426061056227
311,0.0014979454869562144
2677,0.03889856963736202
248,0.0017029411662310802
5234,0.13225890219994954
4746,0.0019670955512866494
3843,0.0014500111044556203
4998,0.020964671035564878
1427,0.019994919077773343
50,0.028380812433235723
1665,0.009035275633674976
1279,0.026656760261407314
4549,0.009393755347648827
2326,0.6084674948633876
4034,0.01261395071033295
380,0.006136188930514081
643,0.03901477924437337
639,0.02514684709658713
1730,0.0029054373003573547
5165,0.0032455179530209697
1453,0.00453035841697478
6699,0.007606414663710907
518,0.02070071037835376
598,0.008345752039168881
10,0.0010967558367785768
523,0.04906193824101009
396,0.0005930117235274643
409,0.014361800942298992
1349,0.00279844428126594
3978,0.005774709470129675
1908,0.010319028688254264
6698,0.005382758728474128
4276,0.16737068915813003
3186,0.002990306890218953
1243,0.005712426122514595
1499,0.0012445479902899405
1275,0.006462726050937639
133,0.0008876453071106739
401,0.006838108300610259
6509,0.013759805633669108
3625,0.00790410910264286
1658,0.01974450734703153
243,0.000674381630300028
4918,0.0033180782901524645
185,0.01805190388673606
5554,0.0017484734427714206
4275,0.015212345393493509
1627,0.008649371356312944
202,0.00466181523470211
5066,0.007787665835798158
4796,0.0029382547703644575
1584,0.00782037268455997
3895,0.014453795259689135
3767,0.0044296731484214655
5020,0.01660821269142987
35,0.0013350921862629102
1190,0.01635012523049882
4364,0.00019651617189899326
251,0.01119672623065665
5230,0.058352729598182364
3700,0.001444830350904532
597,0.01755877497021575
28,0.016907942615627718
996,0.18057030785572067
4062,0.023939125864221998
1559,0.007017482344399241
3460,0.0025289862157514475
4855,0.005056169348830033
2006,0.0005202440290376682
1003,0.03349291493080092
6511,0.025822424510241887
1933,0.0021542251858247055
932,0.0038771253799917043
3402,0.0012122768086916978
4201,0.03916838898159913
2088,0.04259940117013515
926,0.02201912937110689
4975,0.00298663097849807
1857,0.01289240756356631
2654,0.012315519312658967
4492,0.018712595954979993
1216,0.0009054503686468743
4916,0.15518272775059563
5285,0.005202296634325673
2311,0.006138031470519308
1174,0.005265414281345698
1523,0.008738534852195938
813,0.0025179087495763395
580,0.0014938546230958568
5412,0.0030211097661625983
2315,0.0027157077126537827
979,0.01335610473889697
1713,0.007823574194626594
3826,0.008098775993144652
6007,0.007688957188553277
3044,0.2771833892366353
4616,0.0012858429806029037
1639,0.0005319704039432953
2544,0.00199842856738142
4350,0.005334059651387957
792,0.0033857779271905526
187,0.00641438344718659
1355,0.002788849812000872
2872,0.044923581978786986
1876,0.003625880171171029
3560,0.011108454525653755
4938,0.002572945631683351
3065,0.0009926986934939174
572,0.014937303858065284
3536,0.0033319826319134545
5775,0.0004965453912822279
3413,0.0010833375581035705
801,0.0038645606273427766
5770,0.010145664327373502
2304,0.018546155893077832
3223,0.04328607911254584
3045,0.028640787452263023
2884,0.012152715380277705
1386,0.0026344659614521305
4814,0.44793241196112343
4060,0.006324028651331606
2506,0.004027089968487681
5397,0.02123088672385524
1569,0.0016378331192217436
4891,0.005194114711545925
1860,0.0008245406116848154
67,0.011844309716223635
6875,0.029458156080065707
3774,0.0009144356929810343
4183,0.001746590406516481
820,0.0001546807379869236
1052,0.012059582292047882
7456,0.025377849607320754
7101,0.011587540863902193
2892,0.011820645450727524
1745,0.008700445894588871
2040,0.023128010841454494
3894,0.004576603725348774
3228,0.012767704776853102
3625,0.1057704460644377
2348,0.007857445860074792
5394,0.019197576283425978
3928,0.017811493334991074
2199,0.03267638895548535
6160,0.0029170188092034395
4512,0.1939552648077187
6141,0.028872028179067002
3044,0.3696302479597591
692,0.0024038756589423154
7001,0.0026585182077863345
5298,0.018707343969825124
1513,0.0333570078907664
1495,0.006244990243006853
22,0.002204361623266147
8076,0.06440363057795251
3388,0.017357966445613642
5997,0.0006078129029315866
4275,0.006866066458424019
1667,0.002884352497140035
540,0.00041173933990589504
1896,0.004028581469588524
1309,0.007327040365682048
16,0.00036234899224393114
4165,0.012097993472108007
3515,0.016058686248945343
2457,0.029394910051831553
2724,0.05603615849595302
4544,0.05130834884042386
5634,0.0018011417601065402
5891,0.0024253946968472604
1276,0.03966712461629547
1406,0.007046391662956571
31,0.004027702878571035
4873,0.007698440229845027
5574,0.041753147605647654
321,0.003723239439168244
872,0.0031897066950889934
875,0.0132221113591863
1800,0.0078070621673203165
3488,0.00461391956197665
2247,0.004618134760992445
257,0.012513935259495486
1129,0.0022614618783447235
2817,0.055422015013894356
5173,0.006582433431143178
3355,0.005357917061467164
7067,0.002881786203290356
231,0.012983545755108735
2794,0.0006169079742413228
1958,0.009097410641399396
2051,0.011114979682668768
6489,0.006398687438169262
4026,0.0077922059937195745
3062,0.00542764011204347
5601,0.00020016342099128174
443,0.003432871932905468
1096,0.014205336183170847
1728,0.007800569425582447
5863,0.011839290001246184
3119,0.005474312283626189
5636,0.0034429145178750146
5619,0.0017995171487235856
4089,0.000372254716270868
217,0.01182825905712876
2593,0.004227651670182458
2067,0.0006104879742921649
2032,0.007958965163797764
6200,0.00294879251113715
4482,0.015329982378746549
1612,0.039194377187830184
559,0.00195859115837826
3114,0.004407393150669579
4996,0.0008639222381267498
2244,0.0017456583970534103
3257,0.011993746344416257
2697,0.0009119148344406091
7107,0.005442907594033662
6031,0.15832703135805065
1399,0.09121809754073808
940,0.0011860943633494494
1729,0.010012259112732366
